tunnelID,src,dst,bandwidth,priority,Affinity,delay,hop,NodeInclusions,antiFaultyType,MinBWReservation
0,19,6,117.5243940001267,0,0,0,0,0,0,0
1,16,2,181.09217481947206,0,0,0,0,0,0,0
2,12,14,111.58861519804974,0,0,0,0,0,0,0
3,8,3,217.91504591964082,0,0,0,0,0,0,0
4,4,5,193.876821241686,0,0,0,0,0,0,0
5,9,19,210.1001553726639,0,0,0,0,0,0,0
6,12,11,140.61265411218585,0,0,0,0,0,0,0
7,0,12,201.04804964753828,0,0,0,0,0,0,0
8,9,18,144.94147016983422,0,0,0,0,0,0,0
9,17,12,114.71009777343227,0,0,0,0,0,0,0