tunnelID,src,dst,bandwidth,priority,Affinity,delay,hop,NodeInclusions,antiFaultyType,MinBWReservation
0,6,1,191.2866529055933,0,0,0,0,0,0,0
1,6,2,179.3904960405128,0,0,0,0,0,0,0
2,6,1,227.24146886344226,0,0,0,0,0,0,0
3,6,4,206.4149692376486,0,0,0,0,0,0,0
4,0,3,130.4576591487299,0,0,0,0,0,0,0
5,4,0,186.8438546687666,0,0,0,0,0,0,0
6,3,6,171.9074369950099,0,0,0,0,0,0,0
7,0,5,143.72025341822564,0,0,0,0,0,0,0
8,2,5,109.15788951829627,0,0,0,0,0,0,0
9,6,2,140.42408917671872,0,0,0,0,0,0,0