tunnelID,src,dst,bandwidth,priority,Affinity,delay,hop,NodeInclusions,antiFaultyType,MinBWReservation
0,9,13,168.36880522907978,0,0,0,0,0,0,0
1,13,11,195.467483102727,0,0,0,0,0,0,0
2,9,11,110.28271408483597,0,0,0,0,0,0,0
3,7,4,180.5015702869086,0,0,0,0,0,0,0
4,2,15,225.67936403032434,0,0,0,0,0,0,0
5,9,14,162.20989229098387,0,0,0,0,0,0,0
6,19,13,181.74550846168322,0,0,0,0,0,0,0
7,18,13,111.61662384348526,0,0,0,0,0,0,0
8,18,19,102.41044218235086,0,0,0,0,0,0,0
9,5,0,184.8091032485941,0,0,0,0,0,0,0