tunnelID,src,dst,bandwidth,priority,Affinity,delay,hop,NodeInclusions,antiFaultyType,MinBWReservation
0,10,19,249.54814146832956,0,0,0,0,0,0,0
1,17,1,195.95644380102505,0,0,0,0,0,0,0
2,9,20,231.04613345027934,0,0,0,0,0,0,0
3,10,6,191.2538986566767,0,0,0,0,0,0,0
4,0,18,200.20319919851988,0,0,0,0,0,0,0
5,8,7,206.46055680667223,0,0,0,0,0,0,0
6,10,17,164.56635886470474,0,0,0,0,0,0,0
7,5,18,115.34215148964175,0,0,0,0,0,0,0
8,9,4,194.23112444952136,0,0,0,0,0,0,0
9,10,2,206.7857001072087,0,0,0,0,0,0,0