tunnelID,src,dst,bandwidth,priority,Affinity,delay,hop,NodeInclusions,antiFaultyType,MinBWReservation
0,4,1,107.66420278910724,0,0,0,0,0,0,0
1,3,1,160.9293534329286,0,0,0,0,0,0,0
2,0,8,216.4047889742538,0,0,0,0,0,0,0
3,7,6,189.03195763348668,0,0,0,0,0,0,0
4,1,8,209.32962727320808,0,0,0,0,0,0,0
5,7,8,196.5555956500411,0,0,0,0,0,0,0
6,6,0,193.9961715067195,0,0,0,0,0,0,0
7,7,3,197.3355509321122,0,0,0,0,0,0,0
8,8,5,119.3396935247749,0,0,0,0,0,0,0
9,1,6,215.8729548332915,0,0,0,0,0,0,0