tunnelID,src,dst,bandwidth,priority,Affinity,delay,hop,NodeInclusions,antiFaultyType,MinBWReservation
0,4,3,190.3199468969117,0,0,0,0,0,0,0
1,2,3,107.5953448592572,0,0,0,0,0,0,0
2,5,3,116.5185476342177,0,0,0,0,0,0,0
3,3,0,148.3942770703515,0,0,0,0,0,0,0
4,1,5,226.47135878826035,0,0,0,0,0,0,0
5,3,4,120.97818524737608,0,0,0,0,0,0,0
6,3,2,155.19565455336084,0,0,0,0,0,0,0
7,3,0,191.0884905520166,0,0,0,0,0,0,0
8,1,3,138.09783099656602,0,0,0,0,0,0,0
9,0,2,138.6231949888592,0,0,0,0,0,0,0