tunnelID,src,dst,bandwidth,priority,Affinity,delay,hop,NodeInclusions,antiFaultyType,MinBWReservation
0,22,15,120.61878237298228,0,0,0,0,0,0,0
1,15,16,119.6440785036576,0,0,0,0,0,0,0
2,19,0,118.5007050209824,0,0,0,0,0,0,0
3,2,1,119.58345203812385,0,0,0,0,0,0,0
4,15,3,153.25012863809513,0,0,0,0,0,0,0
5,7,17,221.5997091364406,0,0,0,0,0,0,0
6,22,3,216.57638990133586,0,0,0,0,0,0,0
7,16,10,154.0189649463845,0,0,0,0,0,0,0
8,21,7,198.3149059564103,0,0,0,0,0,0,0
9,13,7,105.06570776650153,0,0,0,0,0,0,0