tunnelID,src,dst,bandwidth,priority,Affinity,delay,hop,NodeInclusions,antiFaultyType,MinBWReservation
0,0,6,134.48707845374113,0,0,0,0,0,0,0
1,0,4,118.81062246214358,0,0,0,0,0,0,0
2,1,0,187.1505265711836,0,0,0,0,0,0,0
3,6,5,138.17167496534188,0,0,0,0,0,0,0
4,2,6,106.54913255745195,0,0,0,0,0,0,0
5,0,6,120.81431754235797,0,0,0,0,0,0,0
6,3,4,176.2988164959139,0,0,0,0,0,0,0
7,7,3,130.49476334252242,0,0,0,0,0,0,0
8,6,3,207.07227313186604,0,0,0,0,0,0,0
9,7,3,160.9343179348479,0,0,0,0,0,0,0