tunnelID,src,dst,bandwidth,priority,Affinity,delay,hop,NodeInclusions,antiFaultyType,MinBWReservation
0,17,8,136.2399992085489,0,0,0,0,0,0,0
1,5,11,162.02259203323587,0,0,0,0,0,0,0
2,17,5,124.86819524678177,0,0,0,0,0,0,0
3,14,3,158.21167831045219,0,0,0,0,0,0,0
4,16,8,110.112922247287,0,0,0,0,0,0,0
5,13,2,115.99268839117069,0,0,0,0,0,0,0
6,11,9,144.22928411159484,0,0,0,0,0,0,0
7,13,6,175.98497202392997,0,0,0,0,0,0,0
8,2,3,103.42891457205145,0,0,0,0,0,0,0
9,5,2,110.0869739814477,0,0,0,0,0,0,0