tunnelID,src,dst,bandwidth,priority,Affinity,delay,hop,NodeInclusions,antiFaultyType,MinBWReservation
0,1,2,197.00228337770687,0,0,0,0,0,0,0
1,3,5,110.96532781680877,0,0,0,0,0,0,0
2,0,5,170.20045213031244,0,0,0,0,0,0,0
3,2,4,104.62756424933448,0,0,0,0,0,0,0
4,0,4,142.587793973376,0,0,0,0,0,0,0
5,3,5,212.34532891912886,0,0,0,0,0,0,0
6,5,1,231.15608966706785,0,0,0,0,0,0,0
7,2,0,134.00739950956742,0,0,0,0,0,0,0
8,5,1,169.45407366690895,0,0,0,0,0,0,0
9,2,3,212.2982699056626,0,0,0,0,0,0,0