tunnelID,src,dst,bandwidth,priority,Affinity,delay,hop,NodeInclusions,antiFaultyType,MinBWReservation
0,5,3,122.99786837481989,0,0,0,0,0,0,0
1,2,0,139.1541947655696,0,0,0,0,0,0,0
2,2,10,110.18769780981378,0,0,0,0,0,0,0
3,5,10,129.09242364079273,0,0,0,0,0,0,0
4,0,11,188.00364636123456,0,0,0,0,0,0,0
5,11,10,201.80285423184986,0,0,0,0,0,0,0
6,2,5,142.53531635043063,0,0,0,0,0,0,0
7,10,11,145.31192649684115,0,0,0,0,0,0,0
8,10,8,151.32989226244,0,0,0,0,0,0,0
9,8,9,109.20843841061176,0,0,0,0,0,0,0