tunnelID,src,dst,bandwidth,priority,Affinity,delay,hop,NodeInclusions,antiFaultyType,MinBWReservation
0,3,0,125.2109898061233,0,0,0,0,0,0,0
1,4,26,194.605453352548,0,0,0,0,0,0,0
2,26,7,122.42118977389975,0,0,0,0,0,0,0
3,24,19,166.08195550422624,0,0,0,0,0,0,0
4,11,7,234.45015731523117,0,0,0,0,0,0,0
5,9,13,108.81579840718042,0,0,0,0,0,0,0
6,17,27,214.68782101953394,0,0,0,0,0,0,0
7,16,24,160.05178933051963,0,0,0,0,0,0,0
8,20,8,126.06163700579262,0,0,0,0,0,0,0
9,6,7,157.9357285325491,0,0,0,0,0,0,0