tunnelID,src,dst,bandwidth,priority,Affinity,delay,hop,NodeInclusions,antiFaultyType,MinBWReservation
0,3,5,164.92194708001028,0,0,0,0,0,0,0
1,0,3,165.66817553481064,0,0,0,0,0,0,0
2,5,0,208.72948718900804,0,0,0,0,0,0,0
3,0,2,186.47535077389387,0,0,0,0,0,0,0
4,1,2,221.98039717172645,0,0,0,0,0,0,0
5,5,1,216.40092231001944,0,0,0,0,0,0,0
6,2,4,202.89632686256095,0,0,0,0,0,0,0
7,5,2,213.67979981711102,0,0,0,0,0,0,0
8,3,4,144.8031076463264,0,0,0,0,0,0,0
9,0,4,193.29975482134876,0,0,0,0,0,0,0