tunnelID,src,dst,bandwidth,priority,Affinity,delay,hop,NodeInclusions,antiFaultyType,MinBWReservation
0,3,4,141.90779635047534,0,0,0,0,0,0,0
1,0,4,157.8038322856077,0,0,0,0,0,0,0
2,4,2,179.0331979936123,0,0,0,0,0,0,0
3,0,3,156.03898341649466,0,0,0,0,0,0,0
4,4,0,171.47091230024353,0,0,0,0,0,0,0
5,4,0,109.88199029338742,0,0,0,0,0,0,0
6,3,1,206.21438526067283,0,0,0,0,0,0,0
7,1,3,209.02478056818396,0,0,0,0,0,0,0
8,2,1,126.6908534489773,0,0,0,0,0,0,0
9,2,4,141.73049007963797,0,0,0,0,0,0,0