tunnelID,src,dst,bandwidth,priority,Affinity,delay,hop,NodeInclusions,antiFaultyType,MinBWReservation
0,12,4,116.1456438894448,0,0,0,0,0,0,0
1,5,8,163.77064000013522,0,0,0,0,0,0,0
2,8,3,185.65660202975278,0,0,0,0,0,0,0
3,2,10,169.91648318957425,0,0,0,0,0,0,0
4,11,9,133.44783840126016,0,0,0,0,0,0,0
5,10,13,185.13772459511029,0,0,0,0,0,0,0
6,12,6,152.6023812275743,0,0,0,0,0,0,0
7,9,1,102.05479634433995,0,0,0,0,0,0,0
8,9,13,118.27796939164139,0,0,0,0,0,0,0
9,10,2,172.3114805138472,0,0,0,0,0,0,0