tunnelID,src,dst,bandwidth,priority,Affinity,delay,hop,NodeInclusions,antiFaultyType,MinBWReservation
0,4,3,121.65147558262719,0,0,0,0,0,0,0
1,2,1,102.72978734414194,0,0,0,0,0,0,0
2,2,7,194.2852906140331,0,0,0,0,0,0,0
3,4,7,201.65847273363164,0,0,0,0,0,0,0
4,4,3,132.9107233714666,0,0,0,0,0,0,0
5,8,2,145.00257068556152,0,0,0,0,0,0,0
6,2,5,184.23073371321794,0,0,0,0,0,0,0
7,1,3,210.19279115421642,0,0,0,0,0,0,0
8,6,7,162.87573763619463,0,0,0,0,0,0,0
9,2,6,168.9954352740155,0,0,0,0,0,0,0