tunnelID,src,dst,bandwidth,priority,Affinity,delay,hop,NodeInclusions,antiFaultyType,MinBWReservation
0,2,7,143.36623026536287,0,0,0,0,0,0,0
1,18,4,182.55783209262495,0,0,0,0,0,0,0
2,18,10,134.3009493459687,0,0,0,0,0,0,0
3,3,17,116.64952977531814,0,0,0,0,0,0,0
4,10,12,119.34494193856459,0,0,0,0,0,0,0
5,5,10,164.33011138180552,0,0,0,0,0,0,0
6,6,8,123.81385653938852,0,0,0,0,0,0,0
7,8,3,209.04975059793267,0,0,0,0,0,0,0
8,9,12,166.49557319342097,0,0,0,0,0,0,0
9,4,13,178.53634276357252,0,0,0,0,0,0,0