tunnelID,src,dst,bandwidth,priority,Affinity,delay,hop,NodeInclusions,antiFaultyType,MinBWReservation
0,5,0,166.80597928543742,0,0,0,0,0,0,0
1,3,9,132.8892225321679,0,0,0,0,0,0,0
2,6,0,135.884152891988,0,0,0,0,0,0,0
3,2,4,151.4441399563099,0,0,0,0,0,0,0
4,10,8,201.9412544507885,0,0,0,0,0,0,0
5,7,9,218.53797526450228,0,0,0,0,0,0,0
6,4,10,163.70678050549924,0,0,0,0,0,0,0
7,9,8,215.09061731320548,0,0,0,0,0,0,0
8,2,5,194.42023605910782,0,0,0,0,0,0,0
9,9,10,178.72182337790542,0,0,0,0,0,0,0