tunnelID,src,dst,bandwidth,priority,Affinity,delay,hop,NodeInclusions,antiFaultyType,MinBWReservation
0,5,3,191.9105606504272,0,0,0,0,0,0,0
1,19,6,194.65281171572494,0,0,0,0,0,0,0
2,2,1,190.58955803106895,0,0,0,0,0,0,0
3,7,8,117.32790416240178,0,0,0,0,0,0,0
4,13,15,104.03998143678655,0,0,0,0,0,0,0
5,4,16,171.58327509192208,0,0,0,0,0,0,0
6,1,16,169.8378135304896,0,0,0,0,0,0,0
7,8,18,152.64639918275384,0,0,0,0,0,0,0
8,17,15,160.53794246997666,0,0,0,0,0,0,0
9,14,11,169.18159040946708,0,0,0,0,0,0,0