tunnelID,src,dst,bandwidth,priority,Affinity,delay,hop,NodeInclusions,antiFaultyType,MinBWReservation
0,1,6,125.19356187165161,0,0,0,0,0,0,0
1,0,8,183.61892936198814,0,0,0,0,0,0,0
2,1,5,150.57986063267123,0,0,0,0,0,0,0
3,4,7,199.27822248182196,0,0,0,0,0,0,0
4,3,2,180.81897381092602,0,0,0,0,0,0,0
5,3,9,204.56592205321726,0,0,0,0,0,0,0
6,0,4,155.71742450313963,0,0,0,0,0,0,0
7,6,7,201.3530486363645,0,0,0,0,0,0,0
8,0,9,127.30805413069632,0,0,0,0,0,0,0
9,5,2,211.63444070184627,0,0,0,0,0,0,0