tunnelID,src,dst,bandwidth,priority,Affinity,delay,hop,NodeInclusions,antiFaultyType,MinBWReservation
0,3,17,210.65397033529132,0,0,0,0,0,0,0
1,8,5,136.32009989059105,0,0,0,0,0,0,0
2,3,18,155.0076005288094,0,0,0,0,0,0,0
3,8,2,155.7118580676251,0,0,0,0,0,0,0
4,3,14,156.87337075365264,0,0,0,0,0,0,0
5,2,5,142.81238109152193,0,0,0,0,0,0,0
6,0,8,113.01140498377734,0,0,0,0,0,0,0
7,14,3,226.97898070045773,0,0,0,0,0,0,0
8,14,11,183.06068171745778,0,0,0,0,0,0,0
9,4,17,144.9468132064261,0,0,0,0,0,0,0