tunnelID,src,dst,bandwidth,priority,Affinity,delay,hop,NodeInclusions,antiFaultyType,MinBWReservation
0,41,9,157.6769185471668,0,0,0,0,0,0,0
1,3,27,124.55043131804354,0,0,0,0,0,0,0
2,27,22,211.03997711455904,0,0,0,0,0,0,0
3,5,17,182.70126600614373,0,0,0,0,0,0,0
4,2,38,166.07788912942414,0,0,0,0,0,0,0
5,36,12,174.59756274897217,0,0,0,0,0,0,0
6,2,19,223.9611776340011,0,0,0,0,0,0,0
7,1,33,229.31068813872196,0,0,0,0,0,0,0
8,31,14,189.5473359321665,0,0,0,0,0,0,0
9,2,8,180.8751572525507,0,0,0,0,0,0,0