tunnelID,src,dst,bandwidth,priority,Affinity,delay,hop,NodeInclusions,antiFaultyType,MinBWReservation
0,10,3,111.97825077663917,0,0,0,0,0,0,0
1,3,0,182.1924671357264,0,0,0,0,0,0,0
2,13,6,153.41744377430967,0,0,0,0,0,0,0
3,10,1,172.6923995380571,0,0,0,0,0,0,0
4,2,3,175.50094322330776,0,0,0,0,0,0,0
5,15,14,141.57194289856957,0,0,0,0,0,0,0
6,15,2,141.81124700260693,0,0,0,0,0,0,0
7,1,7,147.98995130742912,0,0,0,0,0,0,0
8,9,0,183.24029627257352,0,0,0,0,0,0,0
9,15,6,216.99436918882924,0,0,0,0,0,0,0