tunnelID,src,dst,bandwidth,priority,Affinity,delay,hop,NodeInclusions,antiFaultyType,MinBWReservation
0,3,0,165.3077549104203,0,0,0,0,0,0,0
1,10,4,182.35561371337008,0,0,0,0,0,0,0
2,9,3,116.9038083456155,0,0,0,0,0,0,0
3,1,4,140.87488527351132,0,0,0,0,0,0,0
4,8,13,184.35508771291575,0,0,0,0,0,0,0
5,12,13,130.19028781618167,0,0,0,0,0,0,0
6,14,12,137.02775712312067,0,0,0,0,0,0,0
7,0,13,151.13861973075555,0,0,0,0,0,0,0
8,8,1,122.83139805944774,0,0,0,0,0,0,0
9,4,9,216.96769242025943,0,0,0,0,0,0,0