tunnelID,src,dst,bandwidth,priority,Affinity,delay,hop,NodeInclusions,antiFaultyType,MinBWReservation
0,10,4,209.60887029309143,0,0,0,0,0,0,0
1,3,7,135.598458451483,0,0,0,0,0,0,0
2,7,2,123.3754459221235,0,0,0,0,0,0,0
3,4,2,222.29591084069796,0,0,0,0,0,0,0
4,8,9,109.4706116789845,0,0,0,0,0,0,0
5,6,4,179.57085322483897,0,0,0,0,0,0,0
6,2,4,228.73750453123225,0,0,0,0,0,0,0
7,10,0,225.26688316482202,0,0,0,0,0,0,0
8,4,1,145.6324634825421,0,0,0,0,0,0,0
9,5,7,216.54682060139993,0,0,0,0,0,0,0