tunnelID,src,dst,bandwidth,priority,Affinity,delay,hop,NodeInclusions,antiFaultyType,MinBWReservation
0,8,16,209.29321870475775,0,0,0,0,0,0,0
1,2,14,106.4216858914889,0,0,0,0,0,0,0
2,1,0,167.5265466732539,0,0,0,0,0,0,0
3,5,6,153.09446609337067,0,0,0,0,0,0,0
4,13,16,151.36846329250835,0,0,0,0,0,0,0
5,4,8,183.90662177000013,0,0,0,0,0,0,0
6,3,7,212.6205788616523,0,0,0,0,0,0,0
7,3,16,141.64107956439918,0,0,0,0,0,0,0
8,2,0,102.35329680531069,0,0,0,0,0,0,0
9,9,15,112.04755614961154,0,0,0,0,0,0,0