tunnelID,src,dst,bandwidth,priority,Affinity,delay,hop,NodeInclusions,antiFaultyType,MinBWReservation
0,2,9,181.22864098222874,0,0,0,0,0,0,0
1,3,11,220.16618762815312,0,0,0,0,0,0,0
2,12,2,115.09904696623961,0,0,0,0,0,0,0
3,7,0,215.6260044691672,0,0,0,0,0,0,0
4,6,7,150.35352441328226,0,0,0,0,0,0,0
5,3,11,149.8454396544065,0,0,0,0,0,0,0
6,11,2,169.69905866744003,0,0,0,0,0,0,0
7,0,6,189.33896479403552,0,0,0,0,0,0,0
8,10,4,162.4979985432683,0,0,0,0,0,0,0
9,1,12,207.88441106879313,0,0,0,0,0,0,0