tunnelID,src,dst,bandwidth,priority,Affinity,delay,hop,NodeInclusions,antiFaultyType,MinBWReservation
0,3,11,117.76225547676816,0,0,0,0,0,0,0
1,3,0,207.60193246995698,0,0,0,0,0,0,0
2,4,5,105.78607916713948,0,0,0,0,0,0,0
3,6,5,103.2694783567566,0,0,0,0,0,0,0
4,1,6,126.62592601190877,0,0,0,0,0,0,0
5,4,3,188.7269974965434,0,0,0,0,0,0,0
6,9,12,130.7753880840103,0,0,0,0,0,0,0
7,12,3,211.88421301329743,0,0,0,0,0,0,0
8,5,10,234.45053348993167,0,0,0,0,0,0,0
9,0,2,216.72361162408237,0,0,0,0,0,0,0