tunnelID,src,dst,bandwidth,priority,Affinity,delay,hop,NodeInclusions,antiFaultyType,MinBWReservation
0,31,5,151.67550227231044,0,0,0,0,0,0,0
1,27,29,206.52145159128406,0,0,0,0,0,0,0
2,24,10,150.28166940826935,0,0,0,0,0,0,0
3,31,24,223.4422325452893,0,0,0,0,0,0,0
4,26,5,176.7416223440728,0,0,0,0,0,0,0
5,7,4,126.77994060690742,0,0,0,0,0,0,0
6,28,6,184.84932807242092,0,0,0,0,0,0,0
7,0,2,162.24880281833367,0,0,0,0,0,0,0
8,5,9,146.80310102689975,0,0,0,0,0,0,0
9,33,22,200.4459415631663,0,0,0,0,0,0,0