tunnelID,src,dst,bandwidth,priority,Affinity,delay,hop,NodeInclusions,antiFaultyType,MinBWReservation
0,10,4,113.0971903473585,0,0,0,0,0,0,0
1,6,5,113.08103391971103,0,0,0,0,0,0,0
2,1,0,160.38891838275651,0,0,0,0,0,0,0
3,3,0,201.59363266715184,0,0,0,0,0,0,0
4,5,7,172.64154806810132,0,0,0,0,0,0,0
5,15,2,182.0061046614301,0,0,0,0,0,0,0
6,7,15,157.60871677124948,0,0,0,0,0,0,0
7,5,0,146.06365788117412,0,0,0,0,0,0,0
8,5,9,195.72727890753143,0,0,0,0,0,0,0
9,1,0,203.0087675039813,0,0,0,0,0,0,0