tunnelID,src,dst,bandwidth,priority,Affinity,delay,hop,NodeInclusions,antiFaultyType,MinBWReservation
0,6,8,207.49285306131043,0,0,0,0,0,0,0
1,0,6,186.88421785292343,0,0,0,0,0,0,0
2,6,4,178.7860895873825,0,0,0,0,0,0,0
3,1,7,149.13652428226675,0,0,0,0,0,0,0
4,6,3,121.38064309632585,0,0,0,0,0,0,0
5,5,9,197.3162338638915,0,0,0,0,0,0,0
6,6,8,102.11419392480919,0,0,0,0,0,0,0
7,9,4,234.93902839526822,0,0,0,0,0,0,0
8,0,10,133.6513303267917,0,0,0,0,0,0,0
9,1,8,215.4645533008008,0,0,0,0,0,0,0