tunnelID,src,dst,bandwidth,priority,Affinity,delay,hop,NodeInclusions,antiFaultyType,MinBWReservation
0,14,13,100.44755694858783,0,0,0,0,0,0,0
1,4,2,187.27335301120885,0,0,0,0,0,0,0
2,4,7,237.3652709704069,0,0,0,0,0,0,0
3,10,6,132.89005792579297,0,0,0,0,0,0,0
4,13,8,201.18204128387066,0,0,0,0,0,0,0
5,0,6,145.2660862583748,0,0,0,0,0,0,0
6,10,6,223.55314973882426,0,0,0,0,0,0,0
7,12,9,110.240053767847,0,0,0,0,0,0,0
8,14,5,206.80405524041373,0,0,0,0,0,0,0
9,6,12,224.24018498622672,0,0,0,0,0,0,0