tunnelID,src,dst,bandwidth,priority,Affinity,delay,hop,NodeInclusions,antiFaultyType,MinBWReservation
0,2,17,158.8137509469835,0,0,0,0,0,0,0
1,15,16,223.51776986146785,0,0,0,0,0,0,0
2,12,4,194.66290553844527,0,0,0,0,0,0,0
3,6,20,178.0260788804511,0,0,0,0,0,0,0
4,2,14,176.48957178051762,0,0,0,0,0,0,0
5,2,10,121.99733496899296,0,0,0,0,0,0,0
6,10,2,168.6295818895851,0,0,0,0,0,0,0
7,8,18,130.29530953693953,0,0,0,0,0,0,0
8,4,14,135.368662478522,0,0,0,0,0,0,0
9,19,3,113.79403406348082,0,0,0,0,0,0,0