tunnelID,src,dst,bandwidth,priority,Affinity,delay,hop,NodeInclusions,antiFaultyType,MinBWReservation
0,22,31,137.59586646575093,0,0,0,0,0,0,0
1,4,9,167.3291827928121,0,0,0,0,0,0,0
2,21,32,106.53657648382283,0,0,0,0,0,0,0
3,31,14,208.7388684550287,0,0,0,0,0,0,0
4,24,31,229.7260242533282,0,0,0,0,0,0,0
5,24,3,167.93526118255213,0,0,0,0,0,0,0
6,3,11,149.4500784768756,0,0,0,0,0,0,0
7,21,26,172.8730730022969,0,0,0,0,0,0,0
8,8,2,147.24715549866482,0,0,0,0,0,0,0
9,10,23,233.1517405960907,0,0,0,0,0,0,0