tunnelID,src,dst,bandwidth,priority,Affinity,delay,hop,NodeInclusions,antiFaultyType,MinBWReservation
0,4,7,173.5687100984667,0,0,0,0,0,0,0
1,0,1,114.98540962018555,0,0,0,0,0,0,0
2,1,7,195.27652997609155,0,0,0,0,0,0,0
3,8,7,210.49434129309185,0,0,0,0,0,0,0
4,5,2,215.34558373211053,0,0,0,0,0,0,0
5,3,4,190.60995882015882,0,0,0,0,0,0,0
6,0,5,153.33925293049555,0,0,0,0,0,0,0
7,7,4,135.5187098726098,0,0,0,0,0,0,0
8,0,7,221.47644612770324,0,0,0,0,0,0,0
9,0,8,223.685064518035,0,0,0,0,0,0,0