tunnelID,src,dst,bandwidth,priority,Affinity,delay,hop,NodeInclusions,antiFaultyType,MinBWReservation
0,1,0,122.44379178538757,0,0,0,0,0,0,0
1,1,0,218.8203923653773,0,0,0,0,0,0,0
2,5,4,169.5533592404671,0,0,0,0,0,0,0
3,2,0,156.13659264161052,0,0,0,0,0,0,0
4,5,3,188.19919823704737,0,0,0,0,0,0,0
5,1,6,152.4850884563398,0,0,0,0,0,0,0
6,3,4,219.0704081946178,0,0,0,0,0,0,0
7,4,5,129.35164812862178,0,0,0,0,0,0,0
8,6,2,142.57528662536043,0,0,0,0,0,0,0
9,2,0,155.3590849964442,0,0,0,0,0,0,0