tunnelID,src,dst,bandwidth,priority,Affinity,delay,hop,NodeInclusions,antiFaultyType,MinBWReservation
0,1,7,128.93532327442998,0,0,0,0,0,0,0
1,11,1,116.203362550901,0,0,0,0,0,0,0
2,1,3,217.73927242408274,0,0,0,0,0,0,0
3,12,8,172.33200463618516,0,0,0,0,0,0,0
4,3,6,223.3153279593904,0,0,0,0,0,0,0
5,6,12,206.87465454323933,0,0,0,0,0,0,0
6,0,3,185.06789167129108,0,0,0,0,0,0,0
7,12,11,112.94343438807628,0,0,0,0,0,0,0
8,5,10,173.45127665290798,0,0,0,0,0,0,0
9,3,12,129.92889048364611,0,0,0,0,0,0,0