tunnelID,src,dst,bandwidth,priority,Affinity,delay,hop,NodeInclusions,antiFaultyType,MinBWReservation
0,5,2,139.9102495450465,0,0,0,0,0,0,0
1,5,3,139.05782467885027,0,0,0,0,0,0,0
2,5,4,221.31763218260318,0,0,0,0,0,0,0
3,2,1,135.68118819934753,0,0,0,0,0,0,0
4,2,0,167.42149584161098,0,0,0,0,0,0,0
5,5,0,218.54838909872035,0,0,0,0,0,0,0
6,0,6,196.7619275658017,0,0,0,0,0,0,0
7,2,3,211.2895383453303,0,0,0,0,0,0,0
8,0,3,178.7077106542771,0,0,0,0,0,0,0
9,3,5,145.8642464756508,0,0,0,0,0,0,0