tunnelID,src,dst,bandwidth,priority,Affinity,delay,hop,NodeInclusions,antiFaultyType,MinBWReservation
0,2,1,165.13525518548218,0,0,0,0,0,0,0
1,4,5,106.87494686376,0,0,0,0,0,0,0
2,2,5,130.77335065510968,0,0,0,0,0,0,0
3,2,5,195.45709683990253,0,0,0,0,0,0,0
4,2,3,225.40828013576885,0,0,0,0,0,0,0
5,0,4,171.6068474539048,0,0,0,0,0,0,0
6,0,2,151.77449413098188,0,0,0,0,0,0,0
7,1,2,153.65075065711372,0,0,0,0,0,0,0
8,4,3,122.32239466356913,0,0,0,0,0,0,0
9,2,1,108.76438861022203,0,0,0,0,0,0,0