tunnelID,src,dst,bandwidth,priority,Affinity,delay,hop,NodeInclusions,antiFaultyType,MinBWReservation
0,0,12,185.95842486171586,0,0,0,0,0,0,0
1,16,8,239.65928644387267,0,0,0,0,0,0,0
2,16,14,187.64265699782598,0,0,0,0,0,0,0
3,6,11,213.22277810277552,0,0,0,0,0,0,0
4,1,16,158.139370341151,0,0,0,0,0,0,0
5,5,12,106.05607794080831,0,0,0,0,0,0,0
6,7,16,130.6864857288944,0,0,0,0,0,0,0
7,0,8,135.4877968096492,0,0,0,0,0,0,0
8,10,11,135.77882531389997,0,0,0,0,0,0,0
9,4,9,138.86780485888136,0,0,0,0,0,0,0