tunnelID,src,dst,bandwidth,priority,Affinity,delay,hop,NodeInclusions,antiFaultyType,MinBWReservation
0,9,4,211.41975964725623,0,0,0,0,0,0,0
1,5,4,220.93659954478346,0,0,0,0,0,0,0
2,1,11,208.52835997332807,0,0,0,0,0,0,0
3,0,10,122.26043259136074,0,0,0,0,0,0,0
4,3,9,223.48593847115973,0,0,0,0,0,0,0
5,4,2,144.80179359946533,0,0,0,0,0,0,0
6,2,12,185.4367502319945,0,0,0,0,0,0,0
7,11,4,149.64704277215162,0,0,0,0,0,0,0
8,3,2,125.51862144883924,0,0,0,0,0,0,0
9,8,11,193.59157455487463,0,0,0,0,0,0,0