tunnelID,src,dst,bandwidth,priority,Affinity,delay,hop,NodeInclusions,antiFaultyType,MinBWReservation
0,3,6,103.64733646153049,0,0,0,0,0,0,0
1,15,3,212.37277381857365,0,0,0,0,0,0,0
2,6,14,197.4608036621736,0,0,0,0,0,0,0
3,7,13,152.6176251802742,0,0,0,0,0,0,0
4,13,23,162.7245077619632,0,0,0,0,0,0,0
5,14,6,194.72813006394978,0,0,0,0,0,0,0
6,14,8,110.61947433991307,0,0,0,0,0,0,0
7,24,23,240.86026071090362,0,0,0,0,0,0,0
8,24,8,174.8062389396477,0,0,0,0,0,0,0
9,0,2,150.18996720992993,0,0,0,0,0,0,0