tunnelID,src,dst,bandwidth,priority,Affinity,delay,hop,NodeInclusions,antiFaultyType,MinBWReservation
0,15,4,172.81113416151715,0,0,0,0,0,0,0
1,3,6,217.26967373091185,0,0,0,0,0,0,0
2,16,7,216.5533340052408,0,0,0,0,0,0,0
3,4,14,189.1773327960416,0,0,0,0,0,0,0
4,3,0,206.7579882332032,0,0,0,0,0,0,0
5,10,7,105.54749417640186,0,0,0,0,0,0,0
6,8,1,158.87403709119758,0,0,0,0,0,0,0
7,2,16,157.99094156282774,0,0,0,0,0,0,0
8,18,15,175.26444380927515,0,0,0,0,0,0,0
9,17,7,162.95232556179892,0,0,0,0,0,0,0