tunnelID,src,dst,bandwidth,priority,Affinity,delay,hop,NodeInclusions,antiFaultyType,MinBWReservation
0,2,11,122.66646942510866,0,0,0,0,0,0,0
1,1,2,187.42006823677627,0,0,0,0,0,0,0
2,5,9,105.3618879401179,0,0,0,0,0,0,0
3,2,9,230.6636607678084,0,0,0,0,0,0,0
4,8,6,215.18023926076643,0,0,0,0,0,0,0
5,4,8,183.47668579968564,0,0,0,0,0,0,0
6,13,1,111.3838757989381,0,0,0,0,0,0,0
7,5,16,223.3674687949225,0,0,0,0,0,0,0
8,6,3,177.49404936149747,0,0,0,0,0,0,0
9,7,9,208.81377409070123,0,0,0,0,0,0,0