tunnelID,src,dst,bandwidth,priority,Affinity,delay,hop,NodeInclusions,antiFaultyType,MinBWReservation
0,1,8,147.71705659929822,0,0,0,0,0,0,0
1,12,0,105.93238037862308,0,0,0,0,0,0,0
2,8,5,169.82897401045713,0,0,0,0,0,0,0
3,13,15,188.1438886014122,0,0,0,0,0,0,0
4,4,3,143.6928835271283,0,0,0,0,0,0,0
5,4,13,184.4493516154735,0,0,0,0,0,0,0
6,13,14,139.7555937680109,0,0,0,0,0,0,0
7,0,12,176.11695813601875,0,0,0,0,0,0,0
8,11,4,169.08044681960186,0,0,0,0,0,0,0
9,1,3,206.69459755130018,0,0,0,0,0,0,0