tunnelID,src,dst,bandwidth,priority,Affinity,delay,hop,NodeInclusions,antiFaultyType,MinBWReservation
0,10,2,144.23914865667672,0,0,0,0,0,0,0
1,0,10,205.87862757124103,0,0,0,0,0,0,0
2,2,1,166.45465043006158,0,0,0,0,0,0,0
3,1,0,129.75432445953874,0,0,0,0,0,0,0
4,3,6,168.75959795285172,0,0,0,0,0,0,0
5,3,5,152.93379311054164,0,0,0,0,0,0,0
6,0,3,150.89761746893888,0,0,0,0,0,0,0
7,5,3,119.12662962012739,0,0,0,0,0,0,0
8,2,7,185.09763681438807,0,0,0,0,0,0,0
9,3,2,117.02425193435121,0,0,0,0,0,0,0