tunnelID,src,dst,bandwidth,priority,Affinity,delay,hop,NodeInclusions,antiFaultyType,MinBWReservation
0,11,20,131.93867049031,0,0,0,0,0,0,0
1,6,20,155.7306099740073,0,0,0,0,0,0,0
2,28,21,168.7785012097591,0,0,0,0,0,0,0
3,4,16,175.6548490942493,0,0,0,0,0,0,0
4,28,20,122.71691852452355,0,0,0,0,0,0,0
5,1,8,204.7901888921503,0,0,0,0,0,0,0
6,23,9,118.95039126904764,0,0,0,0,0,0,0
7,23,4,180.3534103102492,0,0,0,0,0,0,0
8,3,13,205.06359070414337,0,0,0,0,0,0,0
9,12,17,131.19496981319503,0,0,0,0,0,0,0