tunnelID,src,dst,bandwidth,priority,Affinity,delay,hop,NodeInclusions,antiFaultyType,MinBWReservation
0,2,12,161.57217396877033,0,0,0,0,0,0,0
1,17,2,143.60046322720765,0,0,0,0,0,0,0
2,7,18,182.80105872790418,0,0,0,0,0,0,0
3,8,12,178.53074088036962,0,0,0,0,0,0,0
4,16,8,134.1286513293247,0,0,0,0,0,0,0
5,0,23,115.71760114530014,0,0,0,0,0,0,0
6,1,0,117.19688063811422,0,0,0,0,0,0,0
7,21,4,211.04961591991318,0,0,0,0,0,0,0
8,16,11,199.695886092538,0,0,0,0,0,0,0
9,22,18,128.3555953217953,0,0,0,0,0,0,0