tunnelID,src,dst,bandwidth,priority,Affinity,delay,hop,NodeInclusions,antiFaultyType,MinBWReservation
0,4,5,103.82170822859509,0,0,0,0,0,0,0
1,0,3,144.04395313782425,0,0,0,0,0,0,0
2,3,1,159.7975502321106,0,0,0,0,0,0,0
3,4,0,156.52213820029965,0,0,0,0,0,0,0
4,2,4,115.57581020733413,0,0,0,0,0,0,0
5,0,3,142.4941959834179,0,0,0,0,0,0,0
6,5,2,161.68806284676296,0,0,0,0,0,0,0
7,2,4,198.7813274058696,0,0,0,0,0,0,0
8,2,1,136.874502389588,0,0,0,0,0,0,0
9,1,0,172.99903368394206,0,0,0,0,0,0,0