tunnelID,src,dst,bandwidth,priority,Affinity,delay,hop,NodeInclusions,antiFaultyType,MinBWReservation
0,7,12,175.4521015218969,0,0,0,0,0,0,0
1,7,10,158.66693478178973,0,0,0,0,0,0,0
2,10,3,148.2151624970319,0,0,0,0,0,0,0
3,9,12,139.89192416956104,0,0,0,0,0,0,0
4,9,12,216.81358978718032,0,0,0,0,0,0,0
5,8,2,194.07817088840284,0,0,0,0,0,0,0
6,13,14,164.92294383913276,0,0,0,0,0,0,0
7,10,2,223.51395199637838,0,0,0,0,0,0,0
8,9,8,121.70812406202283,0,0,0,0,0,0,0
9,5,9,195.09630335894929,0,0,0,0,0,0,0