tunnelID,src,dst,bandwidth,priority,Affinity,delay,hop,NodeInclusions,antiFaultyType,MinBWReservation
0,10,1,189.56664332201507,0,0,0,0,0,0,0
1,10,0,153.89773433774178,0,0,0,0,0,0,0
2,4,2,166.6293026175851,0,0,0,0,0,0,0
3,9,10,206.15092136820525,0,0,0,0,0,0,0
4,0,8,192.15166823776417,0,0,0,0,0,0,0
5,3,6,174.05678255556307,0,0,0,0,0,0,0
6,1,0,247.32130993206212,0,0,0,0,0,0,0
7,0,3,119.17781219483325,0,0,0,0,0,0,0
8,3,10,115.55658241741419,0,0,0,0,0,0,0
9,2,10,221.762340587352,0,0,0,0,0,0,0