tunnelID,src,dst,bandwidth,priority,Affinity,delay,hop,NodeInclusions,antiFaultyType,MinBWReservation
0,3,5,222.7547978414501,0,0,0,0,0,0,0
1,0,3,134.26549675056367,0,0,0,0,0,0,0
2,1,6,151.98713063653088,0,0,0,0,0,0,0
3,5,2,190.72661909986186,0,0,0,0,0,0,0
4,5,3,143.18830238319237,0,0,0,0,0,0,0
5,3,0,138.96773484459425,0,0,0,0,0,0,0
6,4,5,175.45856088076505,0,0,0,0,0,0,0
7,5,1,149.47926627647539,0,0,0,0,0,0,0
8,0,2,160.0558217831464,0,0,0,0,0,0,0
9,6,0,100.41332515828246,0,0,0,0,0,0,0