tunnelID,src,dst,bandwidth,priority,Affinity,delay,hop,NodeInclusions,antiFaultyType,MinBWReservation
0,6,2,193.56004080113507,0,0,0,0,0,0,0
1,7,11,216.1003991902433,0,0,0,0,0,0,0
2,3,5,144.6987297051096,0,0,0,0,0,0,0
3,10,9,148.6615831594067,0,0,0,0,0,0,0
4,3,10,147.5241370022773,0,0,0,0,0,0,0
5,12,5,119.91128470286179,0,0,0,0,0,0,0
6,6,12,189.1529628416702,0,0,0,0,0,0,0
7,0,14,142.5397962500682,0,0,0,0,0,0,0
8,0,8,168.17810122819702,0,0,0,0,0,0,0
9,5,15,200.01000146973269,0,0,0,0,0,0,0