tunnelID,src,dst,bandwidth,priority,Affinity,delay,hop,NodeInclusions,antiFaultyType,MinBWReservation
0,4,0,125.19672514193027,0,0,0,0,0,0,0
1,1,2,190.7466712132499,0,0,0,0,0,0,0
2,0,4,171.79232587198644,0,0,0,0,0,0,0
3,5,3,109.67008984008687,0,0,0,0,0,0,0
4,6,5,134.51314358690368,0,0,0,0,0,0,0
5,6,1,210.3445651181534,0,0,0,0,0,0,0
6,6,3,137.2950523661191,0,0,0,0,0,0,0
7,4,1,132.26530583030313,0,0,0,0,0,0,0
8,6,1,197.5779102065248,0,0,0,0,0,0,0
9,5,4,155.41266117453793,0,0,0,0,0,0,0