tunnelID,src,dst,bandwidth,priority,Affinity,delay,hop,NodeInclusions,antiFaultyType,MinBWReservation
0,18,8,112.71607705652724,0,0,0,0,0,0,0
1,18,7,168.8677351805052,0,0,0,0,0,0,0
2,0,20,135.64730678932503,0,0,0,0,0,0,0
3,17,3,156.2811311419286,0,0,0,0,0,0,0
4,3,9,195.01036550752855,0,0,0,0,0,0,0
5,17,11,217.9893624606812,0,0,0,0,0,0,0
6,14,15,190.57911242392822,0,0,0,0,0,0,0
7,3,2,138.1861617573725,0,0,0,0,0,0,0
8,14,0,118.8629336160957,0,0,0,0,0,0,0
9,20,9,158.3210211839836,0,0,0,0,0,0,0