tunnelID,src,dst,bandwidth,priority,Affinity,delay,hop,NodeInclusions,antiFaultyType,MinBWReservation
0,2,0,132.82963687272206,0,0,0,0,0,0,0
1,4,2,111.34028472988675,0,0,0,0,0,0,0
2,0,4,172.21516781480727,0,0,0,0,0,0,0
3,4,5,108.93824617002187,0,0,0,0,0,0,0
4,5,1,159.05348120463472,0,0,0,0,0,0,0
5,2,5,187.70059053929157,0,0,0,0,0,0,0
6,3,4,115.90988531564295,0,0,0,0,0,0,0
7,1,5,198.08365971139162,0,0,0,0,0,0,0
8,4,1,195.6441180908993,0,0,0,0,0,0,0
9,1,5,167.51307529314025,0,0,0,0,0,0,0