tunnelID,src,dst,bandwidth,priority,Affinity,delay,hop,NodeInclusions,antiFaultyType,MinBWReservation
0,5,1,152.22779874528425,0,0,0,0,0,0,0
1,5,15,123.44683251266547,0,0,0,0,0,0,0
2,6,2,114.13514401284982,0,0,0,0,0,0,0
3,13,5,111.8836665920065,0,0,0,0,0,0,0
4,5,3,109.85742645570245,0,0,0,0,0,0,0
5,5,18,147.88444885909226,0,0,0,0,0,0,0
6,0,6,140.673447186815,0,0,0,0,0,0,0
7,17,14,198.49620592400794,0,0,0,0,0,0,0
8,16,3,196.64561062987877,0,0,0,0,0,0,0
9,16,6,215.40875530469924,0,0,0,0,0,0,0