tunnelID,src,dst,bandwidth,priority,Affinity,delay,hop,NodeInclusions,antiFaultyType,MinBWReservation
0,6,20,145.1737854260931,0,0,0,0,0,0,0
1,1,10,208.6096530137534,0,0,0,0,0,0,0
2,2,4,192.40188557827543,0,0,0,0,0,0,0
3,17,22,166.6739538863933,0,0,0,0,0,0,0
4,17,21,189.6967612912382,0,0,0,0,0,0,0
5,10,22,191.54795552895774,0,0,0,0,0,0,0
6,7,2,104.22291396467209,0,0,0,0,0,0,0
7,8,2,187.378744298953,0,0,0,0,0,0,0
8,16,10,113.3360712330168,0,0,0,0,0,0,0
9,12,20,104.5327729986519,0,0,0,0,0,0,0