tunnelID,src,dst,bandwidth,priority,Affinity,delay,hop,NodeInclusions,antiFaultyType,MinBWReservation
0,2,9,116.63645998043731,0,0,0,0,0,0,0
1,3,0,186.54482782994,0,0,0,0,0,0,0
2,2,4,192.31515020085834,0,0,0,0,0,0,0
3,6,4,214.21800432025083,0,0,0,0,0,0,0
4,8,2,154.8995070812194,0,0,0,0,0,0,0
5,12,8,208.369392251445,0,0,0,0,0,0,0
6,7,8,155.44064634839992,0,0,0,0,0,0,0
7,6,10,117.17676607262952,0,0,0,0,0,0,0
8,7,1,193.34681755124905,0,0,0,0,0,0,0
9,4,11,217.3944407040778,0,0,0,0,0,0,0